epoch,time,train/box_loss,train/seg_loss,train/cls_loss,train/dfl_loss,metrics/precision(B),metrics/recall(B),metrics/mAP50(B),metrics/mAP50-95(B),metrics/precision(M),metrics/recall(M),metrics/mAP50(M),metrics/mAP50-95(M),val/box_loss,val/seg_loss,val/cls_loss,val/dfl_loss,lr/pg0,lr/pg1,lr/pg2
1,117.984,3.49167,4.90986,3.77006,4.0034,0.00016,0.01181,8e-05,1e-05,0,0,0,0,2.10093,5.14472,3.78797,4.03149,0.000660714,0.000660714,0.000660714
2,209.134,3.03578,4.50033,3.28089,3.27989,0.12211,0.44488,0.1289,0.0483,0.09232,0.29921,0.06608,0.01093,2.39922,5.84977,4.28798,2.36349,0.00132081,0.00132081,0.00132081
3,267.724,2.91048,3.62804,2.58937,2.70764,0.05411,0.19291,0.02868,0.00801,0.09665,0.12992,0.05732,0.01171,2.46859,4.17898,4.99302,2.63899,0.00197431,0.00197431,0.00197431
4,325.403,2.56595,2.96008,2.1241,2.44855,0.69669,0.7126,0.78315,0.19542,0.50651,0.47244,0.48428,0.09314,2.38567,4.3631,1.95639,2.25581,0.0019703,0.0019703,0.0019703
5,386.157,2.31818,2.65586,1.88744,2.22343,0.69714,0.8622,0.84854,0.39867,0.69624,0.80709,0.83029,0.41733,1.75416,2.35076,1.47308,1.78354,0.0019604,0.0019604,0.0019604
6,490.249,2.07378,2.34418,1.67907,2.00435,0.82343,0.89966,0.93958,0.55431,0.82343,0.89966,0.93864,0.5723,1.53823,1.79402,1.3461,1.6326,0.0019505,0.0019505,0.0019505
